1            1
12DAYS       12days
18WHEELR     18wheelr
1STHURT      1sthurt
1STNOEL      1stnoel
25OR624      25or624
2PTINV1      2ptinv1
2PTINV12     2ptinv12
2PTINV14     2ptinv14
2PTINV15     2ptinv15
2PTINV2      2ptinv2
2PTINV4      2ptinv4
3KINGS       3kings
3LTLWRDS     3ltlwrds
3SARA1       3sara1
3SARA2       3sara2
3SARA3       3sara3
4BEAUTY      4beauty
4BEAUTY2     4beauty2
4EVRGIRL     4evrgirl
4NO1         4no1
5THSYM       5thsym
76TUBAS      76tubas
7THSON       7thson
9TO5         9to5
ACDC         acdc
ACEHOLE      acehole
ACEHOLE2     acehole2
ADAGIO       adagio
ADDEY        addey
ADESTE       adeste
ADESTEFI     adestefi
ADESTES      adestes
ADESTFI2     adestfi2
AFTERIMG     afterimg
AFTRRAIN     aftrrain
AFTRUGN1     aftrugn1
AFTRUVGN     aftruvgn
AGNES        agnes
AGOODMAN     agoodman
AIMISYO1     aimisyo1
AIMISYO2     aimisyo2
AIMISYO3     aimisyo3
AIMISYO4     aimisyo4
AIMISYO5     aimisyo5
AINTMISB     aintmisb
AIRMAIL      airmail
AIRNITE2     airnite2
AIRNITE3     airnite3
AIRNITE4     airnite4
AIRSHIRE     airshire
AIRWOLF      airwolf
ALBUNDY      albundy
ALEXAND      alexand
ALLEYCAT     alleycat
ALLFAITH     allfaith
ALLGOOD      allgood
ALLOFUS      allofus
ALLPALS      allpals
ALLTHATJ     allthatj
ALONE        alone
ALONENOW     alonenow
AMADAUS      amadaus
AMERIC       americ
AMERICA      america
AMERICA2     america2
AMERICA6     america6
AMMONIA      ammonia
AMMONIA2     ammonia2
AMPIE        ampie
ANALOG       analog
ANCHORS      anchors
ANDAICMA     andaicma
ANDILOVE     andilove
ANGEL        angel
ANGELS       angels
ANGELS4      angels4
ANGELSS      angelss
ANGLHI       anglhi
ANITRA       anitra
ANNIESNG     anniesng
ANNSGMOD     annsgmod
ANOTHER      another
ANSWER       answer
ANTHEM       anthem
ANTOINET     antoinet
ANTSY        antsy
ANYDREAM     anydream
APLETREE     apletree
APLICA       aplica
APRELUDE     aprelude
AQUARI       aquari
AQUARIUS     aquarius
ARABESQU     arabesqu
ARGENTIN     argentin
ARIA         aria
ARMAGEDN     armagedn
ARTBAND      artband
ASHGROVE     ashgrove
ASLONGAS     aslongas
ASZ          asz
ATHENS       athens
ATIME4US     atime4us
ATLANTIS     atlantis
ATTHEHO2     attheho2
ATTHEHOP     atthehop
AULDLS       auldls
AUTLEAVS     autleavs
AUTUMN       autumn
AVE          ave
AVEMAR       avemar
AVEMARIA     avemaria
AWAY         away
AWAYINA      awayina
AWAYMGR      awaymgr
AXELF        axelf
AXEL_F       axel_f
B4THRAIN     b4thrain
BACH1        bach1
BACH1DR      bach1dr
BACHDM       bachdm
BACHSON4     bachson4
BAD          bad
BADBAD       badbad
BADINERI     badineri
BADMAN       badman
BAGATEL1     bagatel1
BAGATEL2     bagatel2
BAGATEL3     bagatel3
BAGATEL4     bagatel4
BAGATEL5     bagatel5
BAGATEL6     bagatel6
BAILEY       bailey
BALL2        ball2
BALLAD       ballad
BALLAD1      ballad1
BALLIN       ballin
BALLROOM     ballroom
BAMBA        bamba
BAMBA2       bamba2
BARBANN      barbann
BARBARA      barbara
BARBERS1     barbers1
BARBERS2     barbers2
BARBERS3     barbers3
BARBERS4     barbers4
BARBERS5     barbers5
BARBERS6     barbers6
BARCAROL     barcarol
BARNDOM      barndom
BARNDOM2     barndom2
BARNDOM6     barndom6
BARNDOM8     barndom8
BAROK        barok
BAROQUE      baroque
BASERHAP     baserhap
BASS1        bass1
BASS2        bass2
BATMAN       batman
BATMAN2      batman2
BATTLE       battle
BAYOU        bayou
BBPOLKA      bbpolka
BEAST        beast
BEATGOES     beatgoes
BEATIT       beatit
BEATLE24     beatle24
BEATLES1     beatles1
BEATLES2     beatles2
BEATLES4     beatles4
BEATLES5     beatles5
BEBOPALU     bebopalu
BECAUSE      because
BEER         beer
BEERBARL     beerbarl
BEERBARR     beerbarr
BEET5TH      beet5th
BEGUN        begun
BELIEVER     believer
BELLS        bells
BELOVED      beloved
BERLIN       berlin
BESS         bess
BETH         beth
BETHENA      bethena
BETHENAP     bethenap
BETHLHEM     bethlhem
BETHLHM      bethlhm
BEWALK       bewalk
BICYCLE      bicycle
BIGCITY      bigcity
BIKINI       bikini
BILL1        bill1
BILLY1       billy1
BIRDYDAN     birdydan
BIRTH        birth
BIRTHDAY     birthday
BIRTHDY2     birthdy2
BLACK        black
BLACKJAK     blackjak
BLACKKEY     blackkey
BLASPHEM     blasphem
BLKSMOKE     blksmoke
BLUE         blue
BLUEMIRR     bluemirr
BLUES        blues
BLUESKY      bluesky
BLUESY_W     bluesy_w
BLUGOOSE     blugoose
BLUMEADO     blumeado
BLUSETTE     blusette
BLUTANG1     blutang1
BLUTANG2     blutang2
BNOISE       bnoise
BODYELEC     bodyelec
BOGEY        bogey
BOJANGLE     bojangle
BOJAY02      bojay02
BOJNGLE2     bojngle2
BOMBAY2      bombay2
BOOGIE       boogie
BOOGIE1      boogie1
BOOKENDS     bookends
BOOKLOVE     booklove
BOOTS        boots
BORNFRE1     bornfre1
BORNFRE2     bornfre2
BORNFRE3     bornfre3
BORNFRE4     bornfre4
BORNFRE5     bornfre5
BORNFRE6     bornfre6
BORNFRE7     bornfre7
BORNFRE8     bornfre8
BOSSA        bossa
BOSSAP       bossap
BOTTLE       bottle
BPRELUDE     bprelude
BRAHMS       brahms
BRAHMS1      brahms1
BRAHMS2      brahms2
BRAKTH       brakth
BRANDEN3     branden3
BRANDN31     brandn31
BRASILIA     brasilia
BREAK        break
BREAK3       break3
BREATH       breath
BREATH3      breath3
BREATHE      breathe
BRIDGE       bridge
BRING        bring
BROADWAY     broadway
BROONS       broons
BROTHERS     brothers
BROWN        brown
BRTHRS       brthrs
BS           bs
BTHVNNO5     bthvnno5
BTWHEELS     btwheels
BUFFALO      buffalo
BUG          bug
BUG1         bug1
BUGLEBOY     bugleboy
BUGLER       bugler
BULLDOG      bulldog
BUMBLBEE     bumblbee
BUMBLE-B     bumble-b
BUMBLEB      bumbleb
BUNGLE       bungle
BUSINESS     business
BYBYLOVE     bybylove
BYELOVE      byelove
CABERAT      caberat
CALDREAM     caldream
CALIOPE      caliope
CAMEL        camel
CAMRAEYE     camraeye
CANCAN       cancan
CANNOND      cannond
CANNOND2     cannond2
CANON        canon
CANON2       canon2
CANON3       canon3
CANONINC     canoninc
CANONIND     canonind
CANONING     canoning
CANT         cant
CANTA140     canta140
CANTFIGH     cantfigh
CANTINA      cantina
CANTINA2     cantina2
CAPRICE      caprice
CARAMELS     caramels
CARES4ME     cares4me
CARGO        cargo
CARLOS       carlos
CAROL        carol
CAROLBLS     carolbls
CAROLINE     caroline
CARPENTE     carpente
CARRIE       carrie
CARWASH      carwash
CASCADES     cascades
CASEY        casey
CATARACT     cataract
CATCRADL     catcradl
CATDANCE     catdance
CBERRY       cberry
CCCP         cccp
CFUGE1H      cfuge1h
CFUGE1O      cfuge1o
CHANCESR     chancesr
CHANGE       change
CHAPEL       chapel
CHARFIRE     charfire
CHARMS       charms
CHEERS       cheers
CHERISH      cherish
CHILD        child
CHILDMDL     childmdl
CHILDREN     children
CHILDSNG     childsng
CHINESE      chinese
CHLDTHIS     chldthis
CHOOCHOO     choochoo
CHOP         chop
CHOPIN7      chopin7
CHOPS        chops
CHOPSTIK     chopstik
CHORUS       chorus
CHRFIRE      chrfire
CIGARETT     cigarett
CIRIBIN      ciribin
CLAIR        clair
CLAIR2       clair2
CLAIRLUN     clairlun
CLARINET     clarinet
CLASSGAS     classgas
CLASSIC      classic
CLASSIC2     classic2
CLASSIC3     classic3
CLASSY       classy
CLEAR        clear
CLEOPHA      cleopha
CLIMB        climb
CLIMEVRY     climevry
CLOCK        clock
CLOWNS       clowns
CLRKSVLL     clrksvll
CLRPOLKA     clrpolka
COFFEE       coffee
COG          cog
COMBINAT     combinat
COMEBACK     comeback
COMEBAK2     comebak2
CONC2        conc2
CONCERTO     concerto
CONCRTO3     concrto3
CONTRYBY     contryby
COOKED       cooked
COPA         copa
CORPORAT     corporat
COTTONBL     cottonbl
COTYR        cotyr
COUCOU       coucou
COULDHE      couldhe
COUNTRY      country
CRAB1        crab1
CRAB2        crab2
CRAB3        crab3
CRAB4        crab4
CRADLE       cradle
CRAZEE       crazee
CRAZY        crazy
CRITICAL     critical
CRMARY       crmary
CROWLEY      crowley
CRUSH        crush
CRYSTAL      crystal
CSA          csa
CULT         cult
CUMBAC       cumbac
CYNICISM     cynicism
DA           da
DAD          dad
DADADA       dadada
DALLAS       dallas
DAMOUR       damour
DANCE        dance
DANCER       dancer
DANGER       danger
DANGER1      danger1
DANGERZ      dangerz
DANUBE       danube
DARKMOON     darkmoon
DARKNESS     darkness
DARRELL      darrell
DASYBELL     dasybell
DAWNMIST     dawnmist
DAYDREAM     daydream
DAYTRIP      daytrip
DBMAJOR      dbmajor
DCKHALLS     dckhalls
DCKHLLS      dckhlls
DECK         deck
DECKHALL     deckhall
DEEPBREA     deepbrea
DEEPRIVR     deeprivr
DEMO1        demo1
DEMOLITI     demoliti
DEMONS       demons
DESPERAD     desperad
DESPRADO     desprado
DEUCECPE     deucecpe
DEVIL        devil
DIAMOND1     diamond1
DIAMOND2     diamond2
DIAMOND3     diamond3
DIAMOND4     diamond4
DIAMOND5     diamond5
DIAMOND6     diamond6
DIAMOND7     diamond7
DIAMOND8     diamond8
DIAMOND9     diamond9
DIANA        diana
DIDDLE       diddle
DIEYOUNG     dieyoung
DIME         dime
DISEARWN     disearwn
DITTY        ditty
DIXIE        dixie
DIXIEDN      dixiedn
DIXIT        dixit
DMACABRE     dmacabre
DOCK         dock
DOCOFBAY     docofbay
DOCSRR10     docsrr10
DONETOL      donetol
DONTBLAM     dontblam
DONTKN       dontkn
DONTMIND     dontmind
DONTWORY     dontwory
DOOGIE       doogie
DOOLEY       dooley
DOREMI       doremi
DORIGHT      doright
DOWADIDY     dowadidy
DOXOLOGY     doxology
DRAGCITY     dragcity
DREAM        dream
DREAMOLW     dreamolw
DREAMON      dreamon
DREAMS       dreams
DRIVE        drive
DRIVE2       drive2
DRIZZLE      drizzle
DRUMBEAT     drumbeat
DRUMBOY      drumboy
DRUMMER      drummer
DRUMMR       drummr
DRUMS        drums
DUCKTA       duckta
DUKES        dukes
DUST         dust
DWNTOWN      dwntown
EARLYAUT     earlyaut
EARTHANG     earthang
EASY2        easy2
EASYWIN2     easywin2
EBBTIDE      ebbtide
ECHOES       echoes
ECLIPSE      eclipse
EDELWEIS     edelweis
EDEWEIS2     edeweis2
EDGE         edge
EFICENCY     eficency
EGYPT        egypt
EGYPT2       egypt2
ELBIMBO      elbimbo
ELE          ele
ELECRCK3     elecrck3
ELECROCK     elecrock
ELVIRA       elvira
ELVIS        elvis
EMILIAPO     emiliapo
EMPIRE       empire
ENCHANTE     enchante
ENCOUNTE     encounte
ENEMYWIN     enemywin
ENSEMBLE     ensemble
ENTER        enter
ENTER13      enter13
ENTERRAG     enterrag
ENTERTA2     enterta2
ENTERTAI     entertai
ENTERTN      entertn
ENTRTNER     entrtner
ENTRTONT     entrtont
ESPANA       espana
ET           et
ETERFLAM     eterflam
ETUDE        etude
EVRGREEN     evrgreen
EXODUS       exodus
EXTREMES     extremes
F19          f19
FACE         face
FADE         fade
FAIR         fair
FAIRE        faire
FAIREST      fairest
FAIRY        fairy
FAIRYDNC     fairydnc
FAITH        faith
FANCYPAN     fancypan
FANTASI1     fantasi1
FANTASI2     fantasi2
FANTASI3     fantasi3
FANTASI4     fantasi4
FANTIMP      fantimp
FAREKING     fareking
FAREWELL     farewell
FASCINAT     fascinat
FELICIT2     felicit2
FELICITY     felicity
FIDELES      fideles
FIGARO       figaro
FINE         fine
FINISH       finish
FIRSTIM2     firstim2
FIXIT2       fixit2
FLAKES       flakes
FLASH        flash
FLASHD       flashd
FLASHDAN     flashdan
FLASHDNC     flashdnc
FLOWERS      flowers
FNFNFN       fnfnfn
FOGGY        foggy
FOGGYDAY     foggyday
FOLKSONG     folksong
FOLLOW       follow
FORTRESS     fortress
FOWLPLAY     fowlplay
FRAGILE      fragile
FREEFALL     freefall
FREFALLI     frefalli
FREIGH       freigh
FRIENDLY     friendly
FROGLEGS     froglegs
FROSTY       frosty
FSNATION     fsnation
FTDOMINO     ftdomino
FUGUE        fugue
FUGUEGMI     fuguegmi
FULL         full
FUNERAL      funeral
FUNKY        funky
FUNKYJUN     funkyjun
FUNMAR1      funmar1
FUNTIME      funtime
FUR          fur
FURELISE     furelise
FUTBEAT      futbeat
FWB          fwb
FYC1         fyc1
GABROWN      gabrown
GAVOTTE      gavotte
GENIE        genie
GENTLEME     gentleme
GEOBROWN     geobrown
GETBACK      getback
GETMYLIF     getmylif
GHETTO       ghetto
GHOST10      ghost10
GHOST6       ghost6
GHOST7       ghost7
GIBSON       gibson
GIGUE        gigue
GIMMELOV     gimmelov
GIRLEPEN     girlepen
GIRLIPEN     girlipen
GLADI8OR     gladi8or
GLASSES      glasses
GLORIA       gloria
GLORY        glory
GLUETIME     gluetime
GOAWAY2      goaway2
GODFATHE     godfathe
GODIVA       godiva
GODOFTHR     godofthr
GODRES2      godres2
GODREST      godrest
GODRESTY     godresty
GOLDEN       golden
GOLDEN2      golden2
GOLDSL       goldsl
GOMERPYL     gomerpyl
GOODKING     goodking
GOODNIGH     goodnigh
GOODNITE     goodnite
GOTANAME     gotaname
GOTFUN       gotfun
GOUNOD       gounod
GRAC2        grac2
GRACE        grace
GRANDMAS     grandmas
GRANMA       granma
GRAVEL       gravel
GREAT        great
GREATE       greate
GREEN        green
GREENSLE     greensle
GRENSLEV     grenslev
GREYZONE     greyzone
GRNGRASS     grngrass
GROOVEKI     grooveki
GROOVY       groovy
GROOVYK2     groovyk2
GROOVYKI     groovyki
GRYFFN       gryffn
GUESS        guess
GUILTY       guilty
HABANERA     habanera
HALLEJAH     hallejah
HALLS        halls
HAMPS        hamps
HANGON       hangon
HANGSANG     hangsang
HAPPY        happy
HAPYDAYS     hapydays
HARDBLUE     hardblue
HARDHAT      hardhat
HARK         hark
HARLEM       harlem
HARMBLAK     harmblak
HARMONIZ     harmoniz
HARTAKES     hartakes
HARTSOUL     hartsoul
HARVEST      harvest
HASHI2       hashi2
HASHIM       hashim
HAYDN        haydn
HAYDNAND     haydnand
HAYDNGYP     haydngyp
HEARTGLD     heartgld
HEAVEN       heaven
HEAVEN2      heaven2
HEAVEN3      heaven3
HELICOPT     helicopt
HELLO        hello
HELLO2       hello2
HEMISPHR     hemisphr
HERALD       herald
HERO         hero
HGRYEYES     hgryeyes
HIGHWAYS     highways
HILARITY     hilarity
HILL         hill
HILLST       hillst
HILLSTR1     hillstr1
HILLSTRT     hillstrt
HINKEY       hinkey
HKDFLNG      hkdflng
HMSPHERE     hmsphere
HNGRHAP2     hngrhap2
HNYSUCKL     hnysuckl
HOEDOW       hoedow
HOEDOWN      hoedown
HOLDHAN2     holdhan2
HOLDHAND     holdhand
HOLDME       holdme
HOLDON       holdon
HOLLY        holly
HOLY         holy
HOLYNITE     holynite
HOME         home
HONEYPIE     honeypie
HONKYTOK     honkytok
HOPSCOTC     hopscotc
HORNPIPE     hornpipe
HORSE        horse
HOSS         hoss
HOUSETOP     housetop
HOUSTON      houston
HRCMSANT     hrcmsant
HRT2HRT      hrt2hrt
HUMDRUM      humdrum
HUMIDITY     humidity
HUMMING      humming
HUMORESK     humoresk
HUNGARIA     hungaria
HUNGDANC     hungdanc
HUNTER       hunter
HUSH         hush
HYME         hyme
IBEGYOUR     ibegyour
ICE          ice
ICEICE       iceice
IDA          ida
IDONO        idono
IDONTWAN     idontwan
IF           if
IFALLTOP     ifalltop
IFEVERI      ifeveri
IFOUGHTL     ifoughtl
IGTARND      igtarnd
ILLWAIT      illwait
ILOVELA      ilovela
IMAGINE      imagine
IMALRITE     imalrite
IMG2         img2
IMGONNAG     imgonnag
IMPDREAM     impdream
IMPMARCH     impmarch
IMPMISS      impmiss
IMPMISS2     impmiss2
INASONG2     inasong2
INDIAN       indian
INMOOD       inmood
INTEREST     interest
INTEXAS      intexas
INVENT13     invent13
INVENT8      invent8
INVISIBL     invisibl
INV_SUN      inv_sun
IRENE        irene
IRISH        irish
IRONMAN      ironman
ISLAND       island
ISTHATAL     isthatal
ITCAME       itcame
ITHAD2BE     ithad2be
ITHAD2BU     ithad2bu
IWANTYOU     iwantyou
JACOBLDR     jacobldr
JASON        jason
JAWS         jaws
JAZZ         jazz
JCSUPER      jcsuper
JEAN         jean
JEFFS        jeffs
JEOPAR       jeopar
JERRYLEE     jerrylee
JESS         jess
JESSIE       jessie
JESU         jesu
JESUAMAZ     jesuamaz
JESUJOY      jesujoy
JETPLANE     jetplane
JEUGART      jeugart
JEUXDEAU     jeuxdeau
JINGL2       jingl2
JINGL3       jingl3
JINGLE       jingle
JINGLEBL     jinglebl
JOLLYPET     jollypet
JOLYSN       jolysn
JONES        jones
JOY          joy
JOY2WRLD     joy2wrld
JOYWOR       joywor
JOYWORL      joyworl
JOYWORLD     joyworld
JULIE        julie
JUMP         jump
JUMPONME     jumponme
JUNENITE     junenite
JUNIORS      juniors
JUSTONEL     justonel
KEVSWIER     kevswier
KILMESOF     kilmesof
KINDHUSH     kindhush
KINGROAD     kingroad
KINGS        kings
KISSING      kissing
KKONG5       kkong5
KNGWEN       kngwen
KOKOM2       kokom2
KOKOMO       kokomo
KOKONI       kokoni
KOLNIDB      kolnidb
KOLNIDP      kolnidp
KOLNIDV      kolnidv
KPLVNYOU     kplvnyou
KREMSER      kremser
KRUPKE       krupke
KWAIMARC     kwaimarc
KYRIE        kyrie
KYRIE2       kyrie2
LABAMBA      labamba
LAGUANA      laguana
LAMB         lamb
LAMENT       lament
LARGO        largo
LARGO1       largo1
LARGO7       largo7
LASTDATE     lastdate
LATEFOR      latefor
LATESNOW     latesnow
LAURA        laura
LAYDOWN      laydown
LEARNING     learning
LEAVES       leaves
LEAVYOU      leavyou
LEDZEP       ledzep
LEDZEP2      ledzep2
LEIATHM      leiathm
LETBELUV     letbeluv
LETITBE      letitbe
LETITBE2     letitbe2
LETITBE3     letitbe3
LETMEBE      letmebe
LETSNO       letsno
LEVHOM       levhom
LIARLIAR     liarliar
LIDA         lida
LIEBE        liebe
LIEBESTR     liebestr
LIECHTEN     liechten
LIFE         life
LIFEOVER     lifeover
LIKECHOP     likechop
LIKESOME     likesome
LILROCK      lilrock
LIMEHAUS     limehaus
LIMELIGH     limeligh
LIMHAUS2     limhaus2
LINGER       linger
LINU2        linu2
LINUS        linus
LITRASC      litrasc
LIVEGIRL     livegirl
LIVELIFE     livelife
LIZA         liza
LKBYTMOR     lkbytmor
LNDNDERY     lndndery
LONDON       london
LONE         lone
LONGER       longer
LONGNAIL     longnail
LONGTALL     longtall
LOOKAWAY     lookaway
LOSINGIT     losingit
LOSTCORD     lostcord
LOUIE        louie
LOUIE2       louie2
LOVE         love
LOVEBITE     lovebite
LOVEBLUE     loveblue
LOVEHIM      lovehim
LOVEYOU      loveyou
LOVPIANO     lovpiano
LOWDOWN      lowdown
LUCY         lucy
LUKE         luke
LULLABY      lullaby
MABSUMDA     mabsumda
MAC          mac
MACGYVER     macgyver
MACK2ND      mack2nd
MACKNIFE     macknife
MACWDRUM     macwdrum
MAD          mad
MADRIGAL     madrigal
MAGGIE       maggie
MAGIMOON     magimoon
MAGNETIC     magnetic
MAGNIF       magnif
MAGNUM       magnum
MAJESTIC     majestic
MALAGUEN     malaguen
MAMA2BBS     mama2bbs
MAMAN        maman
MAME         mame
MANDOLIN     mandolin
MANDY        mandy
MANHATN      manhatn
MANIAC       maniac
MANIC        manic
MANICMON     manicmon
MANWOMAN     manwoman
MAPLE        maple
MAPLEAF      mapleaf
MAPLERAG     maplerag
MARATHON     marathon
MARCELLO     marcello
MARCH        march
MARGARIT     margarit
MARK         mark
MARKET       market
MARTHA       martha
MARVEL_W     marvel_w
MARY         mary
MAS2         mas2
MASH         mash
MASOKISM     masokism
MASTER1      master1
MASTER2      master2
MASTERPS     masterps
MAYBE        maybe
MAYSONG      maysong
MC           mc
MCART2       mcart2
MCARTH       mcarth
MCGEE        mcgee
MDBOOGIE     mdboogie
MDPOP        mdpop
MDREGGAE     mdreggae
MDRIDERS     mdriders
MEANT4ME     meant4me
MEDLEY       medley
MEDLEY3      medley3
MELODY       melody
MEMORIES     memories
MEMORY       memory
MEMORY2      memory2
MEMPHIS      memphis
MEMS         mems
MENDOP25     mendop25
MENUET       menuet
MENUET2      menuet2
MEOWMIX      meowmix
MERYXMAS     meryxmas
MESSAG       messag
MEXSUITE     mexsuite
MIAMI        miami
MICHAEL4     michael4
MICHAEL5     michael5
MICHAEL6     michael6
MICHAEL7     michael7
MICHAELA     michaela
MICHAELB     michaelb
MICHAELD     michaeld
MICHELLE     michelle
MIDCLR2      midclr2
MIDNIGHT     midnight
MIDNISPL     midnispl
MIDSUN       midsun
MIGUEL       miguel
MIKEPAUL     mikepaul
MILES        miles
MILLSTRM     millstrm
MINDS        minds
MINE         mine
MING1        ming1
MINUET       minuet
MINUETTO     minuetto
MISSION      mission
MISSON1      misson1
MISTY        misty
MISTY1       misty1
MLTMARCH     mltmarch
MOBILIZE     mobilize
MODESTY      modesty
MOJAVE       mojave
MOJO         mojo
MOLINARA     molinara
MOMENTS      moments
MONEY        money
MOOD4LOV     mood4lov
MOON         moon
MOONLGHT     moonlght
MOONLI       moonli
MOONLITE     moonlite
MOONLT1      moonlt1
MOONLT23     moonlt23
MOONOUT      moonout
MOONSNTA     moonsnta
MORNING      morning
MOUNTAIN     mountain
MOZART1      mozart1
MOZK478      mozk478
MOZK4782     mozk4782
MOZK4783     mozk4783
MOZK4931     mozk4931
MOZK4932     mozk4932
MOZK4933     mozk4933
MPLELFRG     mplelfrg
MRBOUND      mrbound
MRCANSAY     mrcansay
MRSROBIN     mrsrobin
MRYXMAS      mryxmas
MTNKING      mtnking
MUD          mud
MULL         mull
MUPPET       muppet
MUSCLES      muscles
MUSICB       musicb
MUSICBOX     musicbox
MUSICMU2     musicmu2
MY1ST        my1st
MYCHERE      mychere
MYGALSAL     mygalsal
MYSELF       myself
MYWAY        myway
NACHT1       nacht1
NACHTMUS     nachtmus
NAKEDG       nakedg
NAMEGAME     namegame
NATIVE       native
NEITZSCH     neitzsch
NELLIE       nellie
NEVONSUN     nevonsun
NEWARIA      newaria
NEWERA       newera
NEWORLEA     neworlea
NEWRAG       newrag
NEWS         news
NF-DREAM     nf-dream
NF-IDONT     nf-idont
NF-K614      nf-k614
NF-ROLL1     nf-roll1
NIB          nib
NIFTY        nifty
NIGHTBEA     nightbea
NIGHTMSC     nightmsc
NINEFIVE     ninefive
NOBODY       nobody
NOEL         noel
NOID2        noid2
NOONESTO     noonesto
NOTCOM2U     notcom2u
NOTREDAM     notredam
NUT0OVER     nut0over
NUT1MRCH     nut1mrch
NUT2FAIR     nut2fair
NUT3TREP     nut3trep
NUT4ARAB     nut4arab
NUT5CHIN     nut5chin
NUT6REED     nut6reed
NUT7WLTZ     nut7wltz
NUYORKNY     nuyorkny
NY-NY        ny-ny
NYNY         nyny
OBLADI       obladi
OCEAN        ocean
ODD          odd
ODETOJOY     odetojoy
OFTHEE       ofthee
OFTHEE2      ofthee2
OH!YOU       oh!you
OHCARE       ohcare
OLDNWISE     oldnwise
OLE'PAL      ole'pal
OLITTOWN     olittown
OLKINGCL     olkingcl
OLMANRVR     olmanrvr
ONEILOVE     oneilove
ONETI2       oneti2
ONETIN       onetin
ONLYTHEL     onlythel
ONRLONLY     onrlonly
OOMPAH1      oompah1
OOPBOP       oopbop
OP25MEND     op25mend
OPUSON       opuson
ORANGEB      orangeb
ORGANGRI     organgri
ORGBLOS2     orgblos2
ORIGINA2     origina2
ORIGINAL     original
OSOLEMIO     osolemio
OUT          out
OUTLAND      outland
OUTSIDE      outside
OZ2          oz2
PABLO        pablo
PACHEBEL     pachebel
PAGE39       page39
PAGE9        page9
PALE         pale
PALM         palm
PAPERDOL     paperdol
PAPOLKA      papolka
PARADE       parade
PARADISE     paradise
PARAGON      paragon
PARANOID     paranoid
PARK         park
PASSAGE      passage
PASSION      passion
PASTIME1     pastime1
PASTIME2     pastime2
PASTIME3     pastime3
PASTIME4     pastime4
PASTIME5     pastime5
PATAPAN      patapan
PEAC2        peac2
PEACH        peach
PEACHRNE     peachrne
PEANUT2      peanut2
PEANUTS      peanuts
PEANUTS2     peanuts2
PEANUTS3     peanuts3
PEDDLER      peddler
PEGASUS      pegasus
PENNSYLV     pennsylv
PETEGUN      petegun
PETEGUN2     petegun2
PETERGUN     petergun
PHANTOM      phantom
PHANTOM1     phantom1
PHANTOM2     phantom2
PHAROH       pharoh
PHOENIX      phoenix
PHOENIX3     phoenix3
PHYSCA       physca
PIANOM       pianom
PIANOMAN     pianoman
PICKLED      pickled
PICKLED2     pickled2
PICKLES      pickles
PIDGEONS     pidgeons
PILGRM       pilgrm
PINEAPPL     pineappl
PINKPAN1     pinkpan1
PINKPANT     pinkpant
PINKPNTH     pinkpnth
PIPELINE     pipeline
PIZPOLKA     pizpolka
PLAYERA      playera
PLAYSTUF     playstuf
PLEASANT     pleasant
PMS          pms
POKER        poker
POLICE4      police4
POLICE6      police6
POLKA        polka
POLOBOOG     poloboog
POLONAIS     polonais
POLUTION     polution
POOBEAR      poobear
POP          pop
POPCORN1     popcorn1
POPEYE       popeye
POSMTAT2     posmtat2
POSMTATR     posmtatr
PRAISE       praise
PRAYER       prayer
PRAYTHKS     praythks
PRE6         pre6
PREC1        prec1
PREC2        prec2
PRECH1       prech1
PRELUD2      prelud2
PRELUDE      prelude
PRELUDE2     prelude2
PRELUDE9     prelude9
PRIME        prime
PRINCESS     princess
PROK7MOV     prok7mov
PROMENAD     promenad
PROMIS       promis
PROPHET      prophet
PROUD        proud
PTBOOGIE     ptboogie
PTBOOGVB     ptboogvb
PUFF         puff
PURCEL2      purcel2
PURCELL      purcell
PURCELL3     purcell3
PUREENE      pureene
PURPLE       purple
PUSHIT       pushit
PUTYRHED     putyrhed
PWRCHORD     pwrchord
QUADRO       quadro
QUENTIN      quentin
QUENTINS     quentins
QUICKJAM     quickjam
QUIETNIT     quietnit
QUIETREE     quietree
RACHMAN1     rachman1
RAGTIME      ragtime
RAI2         rai2
RAIDERS      raiders
RAILROAD     railroad
RAIN         rain
RAIN2        rain2
RAINBOW      rainbow
RAINBOWS     rainbows
RAINDAY2     rainday2
RAINDROP     raindrop
RAINTHRE     rainthre
RAINTWO      raintwo
RAINYDA2     rainyda2
RAINYDAO     rainydao
RAINYDAY     rainyday
RAPSODI2     rapsodi2
RAPSODIE     rapsodie
RAY          ray
RAZAMATA     razamata
RDMNTN       rdmntn
READMIND     readmind
REAPER       reaper
REBOUND      rebound
RECKLESS     reckless
REDBARC2     redbarc2
REDBARCH     redbarch
REDBARH2     redbarh2
REDRAVEN     redraven
REDRUBR      redrubr
REDSECTA     redsecta
REDWING      redwing
REGARDS      regards
REGGAE       reggae
REGRETS      regrets
REMIN        remin
REMSTEEL     remsteel
RESCU2       rescu2
RESCUE       rescue
RESCUE1      rescue1
RESCUE2      rescue2
RESCUE3      rescue3
REVERIE      reverie
RHAPSOD2     rhapsod2
RHAPSODY     rhapsody
RHYTHM       rhythm
RHYTHM1      rhythm1
RIALTO       rialto
RICERCAR     ricercar
RIDERS       riders
RIDIN        ridin
RINGING      ringing
RISINGSN     risingsn
RITABLUE     ritablue
RIVERLOW     riverlow
RIVERRUN     riverrun
RNBWCONN     rnbwconn
ROADNTAK     roadntak
ROADRUNN     roadrunn
ROCKABYE     rockabye
ROCKAROU     rockarou
ROK          rok
ROLLROCK     rollrock
ROLWALTZ     rolwaltz
ROMANCE      romance
ROMANTIC     romantic
ROMANZA      romanza
ROOTBEER     rootbeer
ROSABELA     rosabela
ROUND        round
RTBETTY      rtbetty
RTDANCE      rtdance
RUDOLPH      rudolph
RUNAWA2      runawa2
RUNAWAY      runaway
RUNOVER      runover
RUNROSE      runrose
RUSH         rush
RUSH1        rush1
RUSH2        rush2
RVRSIDE      rvrside
RYTHM2       rythm2
S            s
SABBATH2     sabbath2
SABREDNC     sabrednc
SACRIFIC     sacrific
SADAAM       sadaam
SADNESS      sadness
SAFBBR3      safbbr3
SAINTS       saints
SAINTS2      saints2
SAM          sam
SAMBMOKA     sambmoka
SAMMY        sammy
SAMMY1       sammy1
SAMMYJ       sammyj
SANCTAM      sanctam
SANDBOX      sandbox
SANDMA2      sandma2
SANDMAN      sandman
SANFRAN      sanfran
SANTACLA     santacla
SARA         sara
SATIN        satin
SATINDOL     satindol
SAUCER       saucer
SAWYER       sawyer
SAYSAY       saysay
SCALE        scale
SCARBORO     scarboro
SCARFAIR     scarfair
SCHOOLDA     schoolda
SCTOTOWN     sctotown
SDGROU       sdgrou
SEAGULLS     seagulls
SECRET       secret
SECRET1      secret1
SEMPRE       sempre
SENSA        sensa
SEPARATE     separate
SERENAD1     serenad1
SERENADE     serenade
SGTPEP       sgtpep
SHADOWS      shadows
SHADOWY      shadowy
SHANDLIN     shandlin
SHANGHAI     shanghai
SHARKS       sharks
SHARONA      sharona
SHARONA2     sharona2
SHEBA        sheba
SHEBOP       shebop
SHEEP        sheep
SHOPPING     shopping
SHUTDOWN     shutdown
SICILIAN     sicilian
SIDNEY       sidney
SIERRA       sierra
SILENCE      silence
SILENT       silent
SILENT1      silent1
SILENTN2     silentn2
SILENTNI     silentni
SILVBELS     silvbels
SILVERB      silverb
SILVMOON     silvmoon
SIMPS        simps
SINF1        sinf1
SINGSING     singsing
SINIGHT      sinight
SISTER_C     sister_c
SIXTEEN      sixteen
SKOAL        skoal
SKUNK        skunk
SKYWALTZ     skywaltz
SLBLUES      slblues
SLING        sling
SLOW         slow
SLOWCAT      slowcat
SMALL        small
SMALLWLD     smallwld
SMILER       smiler
SMLWORLD     smlworld
SMOKEY       smokey
SNAKE        snake
SNARE        snare
SNOWBIRD     snowbird
SOCIETY      society
SOFTBLUE     softblue
SOFTIMES     softimes
SOLACE       solace
SOLDIERS     soldiers
SOLFEGGI     solfeggi
SOLONELY     solonely
SOLONG       solong
SOMEBODY     somebody
SOMETHIN     somethin
SOMEWHER     somewher
SOMWHERE     somwhere
SONATA       sonata
SONATA1      sonata1
SONATA2      sonata2
SONATA3      sonata3
SONATINA     sonatina
SONGBURG     songburg
SOPRANO1     soprano1
SOPRANO2     soprano2
SORROW       sorrow
SOUTHERN     southern
SP1          sp1
SPANEYE2     spaneye2
SPANEYES     spaneyes
SPANTOWN     spantown
SPEEDYGO     speedygo
SPIDER       spider
SPIDER1      spider1
SPINAKER     spinaker
SPIRITS      spirits
SPRACH       sprach
SPREAD       spread
SPRING       spring
SPY'SEYE     spy'seye
SQUARES      squares
SS1          ss1
ST           st
STAIRWA2     stairwa2
STAIRWAY     stairway
STAN2        stan2
STAND        stand
STAR1000     star1000
STARE        stare
STARS        stars
STARSTRP     starstrp
STARTRE2     startre2
STARTREK     startrek
STARTRK2     startrk2
STARWARS     starwars
STELLA       stella
STELMO       stelmo
STELSE       stelse
STGARIA      stgaria
STING        sting
STLIF        stlif
STNDBACK     stndback
STONEME      stoneme
STOPPING     stopping
STORM        storm
STRANGE      strange
STRATO       strato
STRPEARL     strpearl
STRUNGK1     strungk1
STTMP        sttmp
STTNG        sttng
STUCKONU     stuckonu
SUBDIVI2     subdivi2
SUBDIVIS     subdivis
SUBTLE1      subtle1
SUGARPOP     sugarpop
SUGRTOTE     sugrtote
SUMER        sumer
SUMRTIME     sumrtime
SUN          sun
SUNNY        sunny
SUNSHIN2     sunshin2
SUNSHINE     sunshine
SUNSUN       sunsun
SUPERLOV     superlov
SUPERSTA     supersta
SURFNUSA     surfnusa
SURFSAFR     surfsafr
SURPRISE     surprise
SUSSUDIO     sussudio
SWABBING     swabbing
SWANLAKE     swanlake
SWEET16      sweet16
SWEETCHI     sweetchi
SWEETDRM     sweetdrm
SWEETLE      sweetle
SWINGIN      swingin
SWIPES2      swipes2
SWIPESY      swipesy
SYM81        sym81
SYM82        sym82
SYM83        sym83
SYM84        sym84
SYMNO81M     symno81m
SYMNO82M     symno82m
SYMNO83M     symno83m
SYMNO84M     symno84m
SYMPHO40     sympho40
TABOO        taboo
TALK         talk
TASTEHON     tastehon
TAVERN       tavern
TAVERN2      tavern2
TAX2         tax2
TAXI         taxi
TAXI1        taxi1
TCHWALTZ     tchwaltz
TD1          td1
TELL         tell
TELLIT       tellit
TEMPTATN     temptatn
TERMSOFE     termsofe
TEST         test
THANKFUL     thankful
THEBELLS     thebells
THECHAIN     thechain
THECLAP2     theclap2
THECLOUD     thecloud
THESEDRM     thesedrm
THEWALL      thewall
THEWAYIT     thewayit
THINROSE     thinrose
THISONE      thisone
THISTLE      thistle
THREKING     threking
THUNDE2      thunde2
THUNDER      thunder
THUNDER2     thunder2
TICHTACH     tichtach
TICKLED      tickled
TICOTICO     ticotico
TICTOCKP     tictockp
TIMEROCK     timerock
TIMES        times
TIMEUGO      timeugo
TINKLE       tinkle
TINSOLD      tinsold
TITLE        title
TMNT3        tmnt3
TOCCATA      toccata
TOD1         tod1
TODSLOW      todslow
TOGETHE2     togethe2
TOGETHER     together
TOMDINER     tomdiner
TOREADOR     toreador
TORQUAY      torquay
TRACES       traces
TRAET        traet
TRAFFIX      traffix
TRAX         trax
TREE         tree
TREPAK       trepak
TRISH        trish
TROUBLE      trouble
TRY          try
TULIP        tulip
TUNABELL     tunabell
TURKEY3      turkey3
TURNLOSE     turnlose
TWELVE       twelve
TWERDAYS     twerdays
TWILBRY1     twilbry1
TWILBRY2     twilbry2
TWINPEAK     twinpeak
TWOOFUS      twoofus
TWYEST       twyest
TYPEWRIT     typewrit
TYPEWRT2     typewrt2
UNDIVIDE     undivide
UNDIVIDR     undividr
UPHTOP       uphtop
URBANISM     urbanism
URDREAM      urdream
VALDERI      valderi
VALENTIN     valentin
VALMOON      valmoon
VANHALEN     vanhalen
VARIA18O     varia18o
VENTURA      ventura
VENUS        venus
VERYBUSY     verybusy
VICE         vice
VINCENT      vincent
VIRGIN       virgin
VIVCMAJ      vivcmaj
VIVCMAJ2     vivcmaj2
VIVCMAJ3     vivcmaj3
VMORRIS1     vmorris1
VOLERO       volero
VOYAGER      voyager
WABAS2       wabas2
WABASH       wabash
WACHET       wachet
WAITIN       waitin
WAITIN1      waitin1
WAITIN2      waitin2
WAITING      waiting
WALDST1      waldst1
WALDST2      waldst2
WALK         walk
WALKING      walking
WALTZ        waltz
WANTGIRL     wantgirl
WARNING      warning
WASHPOST     washpost
WATCHWH      watchwh
WATER        water
WATERMUS     watermus
WAYTOGO      waytogo
WE3KINGS     we3kings
WEATHER      weather
WEDDING      wedding
WEEKEND      weekend
WEEPS3       weeps3
WENCE        wence
WENCESLS     wencesls
WESTERN      western
WEWISH       wewish
WHISPER      whisper
WHISTWOK     whistwok
WHITE        white
WHITERM      whiterm
WHITERM1     whiterm1
WHITEWED     whitewed
WHOSORRY     whosorry
WHTISYTH     whtisyth
WHY          why
WILDROSE     wildrose
WILDTHIN     wildthin
WILLIAMT     williamt
WILLOW       willow
WILLTELL     willtell
WIN2         win2
WIND         wind
WINDWING     windwing
WINEDICE     winedice
WINNERS      winners
WINNING      winning
WINTER       winter
WIPE         wipe
WIS2         wis2
WISH         wish
WIVSLOVR     wivslovr
WIZ          wiz
WIZARD2      wizard2
WKRP         wkrp
WLKTHISW     wlkthisw
WMTELL       wmtell
WNDRFUL1     wndrful1
WOMAN4       woman4
WOMBAT       wombat
WONDERFU     wonderfu
WONDERLA     wonderla
WOOD2        wood2
WOODY        woody
WORD         word
WORK         work
WORLD        world
WRAPPE       wrappe
WRAPPED      wrapped
WRAP_IT      wrap_it
WTWED2       wtwed2
XFUN         xfun
XMASCARL     xmascarl
XMASNKIL     xmasnkil
XMASTREE     xmastree
XMPOLK       xmpolk
XMSPOLK2     xmspolk2
XMSPOLKA     xmspolka
XOPEN        xopen
XVICTOR      xvictor
YAKETTY      yaketty
YANKEE       yankee
YANKEES      yankees
YELOWBRI     yelowbri
YESSIR       yessir
YOURSONG     yoursong
YSTERDAY     ysterday
YTOL         ytol
ZAP_RAP      zap_rap
ZARDOZ       zardoz
ZIP          zip
ZWEI1        zwei1
